species,precipitation,type,replicate,shoot_biomass,root_biomass,total_biomass,shoot_N,shoot_P,shoot_TN,shoot_TP
Cb,400,AM,1,1.14,1.33,2.47,20.31,1.88,23.153 ,2.143 
Cb,400,AM,2,1.64,0.99,2.63,18.64,1.81,30.570 ,2.968 
Cb,400,AM,3,1.81,1.16,2.97,25.22,2.09,45.648 ,3.783 
Cb,400,AM,4,1,1.44,2.44,24.48,1.92,24.480 ,1.920 
Cb,400,AM,5,1.09,1.54,2.63,25.77,2.02,28.089 ,2.202 
Cb,800,AM,1,2.15,1.44,3.59,16.93,2.34,36.400 ,5.031 
Cb,800,AM,2,2.24,1.04,3.28,16.22,2.56,36.333 ,5.734 
Cb,800,AM,3,1.33,0.54,1.87,14.22,2.08,18.913 ,2.766 
Cb,800,AM,4,2.43,1.04,3.47,14.08,2.4,34.214 ,5.832 
Cb,800,AM,5,1.36,0.94,2.3,17.92,3.42,24.371 ,4.651 
Cb,1200,AM,1,1.4,1.79,3.19,15.59,4.14,21.826 ,5.796 
Cb,1200,AM,2,1.29,1.47,2.76,15.55,4.03,20.060 ,5.199 
Cb,1200,AM,3,1.13,0.8,1.93,17.29,4.19,19.538 ,4.735 
Cb,1200,AM,4,0.55,0.61,1.16,16.14,4.07,8.877 ,2.239 
Cb,1200,AM,5,0.94,0.88,1.82,16.14,4.16,15.172 ,3.910 
Cb,1600,AM,1,0.72,0.89,1.61,17.45,3.32,12.564 ,2.390 
Cb,1600,AM,2,0.81,0.79,1.6,20.04,3.61,16.232 ,2.924 
Cb,1600,AM,3,1.31,1.36,2.67,16.4,3.29,21.484 ,4.310 
Cb,1600,AM,4,0.99,0.59,1.58,18.56,2.73,18.374 ,2.703 
Cb,1600,AM,5,1.82,1.01,2.83,14.81,3.68,26.954 ,6.698 
Et,400,AM,1,1.03,0.35,1.37,21.47,1.418,22.114 ,1.461 
Et,400,AM,2,1.21,0.31,1.52,20.26,1.564,24.515 ,1.892 
Et,400,AM,3,1.12,0.25,1.37,22.71,1.752,25.435 ,1.962 
Et,400,AM,4,1.16,0.4,1.56,21.59,1.507,25.044 ,1.748 
Et,400,AM,5,0.98,0.21,1.19,21.41,1.73,20.982 ,1.695 
Et,800,AM,1,1.87,0.52,2.39,17.3,1.914,32.351 ,3.579 
Et,800,AM,2,1.66,0.28,1.95,18.418,2.23,30.574 ,3.702 
Et,800,AM,3,2.06,0.33,2.39,19.12,2.438,39.387 ,5.022 
Et,800,AM,4,2.62,0.44,3.06,17.01,2.315,44.566 ,6.065 
Et,800,AM,5,2.46,0.33,2.79,20.24,2.255,49.790 ,5.547 
Et,1200,AM,1,1.25,0.2,1.45,20.16,5.075,25.200 ,6.344 
Et,1200,AM,2,2.26,0.36,2.62,16.56,4.317,37.426 ,9.756 
Et,1200,AM,3,2.31,0.34,2.66,27.89,5.777,64.426 ,13.345 
Et,1200,AM,4,1.71,0.21,1.92,18.74,4.499,32.045 ,7.693 
Et,1200,AM,5,2.02,0.33,2.35,20.838,4.917,42.093 ,9.932 
Et,1600,AM,1,1.29,0.19,1.47,18.92,3.897,24.407 ,5.027 
Et,1600,AM,2,1.3,0.17,1.47,13.63,4.17,17.719 ,5.421 
Et,1600,AM,3,1.33,0.18,1.51,18.17,3.896,24.166 ,5.182 
Et,1600,AM,4,1.52,0.24,1.76,20.11,4.088,30.567 ,6.214 
Et,1600,AM,5,1.21,0.13,1.34,23.4,4.806,28.314 ,5.815 
Lp,400,AM,1,0.74,0.05,0.79,24.23,1.666,17.930 ,1.233 
Lp,400,AM,2,0.76,0.05,0.81,27.62,1.411,20.991 ,1.072 
Lp,400,AM,3,0.79,0.11,0.91,25.92,1.738,20.477 ,1.373 
Lp,400,AM,4,0.71,0.08,0.8,22.45,1.492,15.940 ,1.059 
Lp,400,AM,5,1.16,0.12,1.29,22.68,1.433,26.309 ,1.662 
Lp,800,AM,1,1.46,0.18,1.64,23.6,1.262,34.456 ,1.843 
Lp,800,AM,2,1.46,0.16,1.62,22.65,1.049,33.069 ,1.532 
Lp,800,AM,3,1.56,0.2,1.76,23.13,0.933,36.083 ,1.455 
Lp,800,AM,4,1.44,0.2,1.64,23.31,1.256,33.566 ,1.809 
Lp,800,AM,5,1.72,0.22,1.94,23.18,0.877,39.870 ,1.508 
Lp,1200,AM,1,0.98,0.1,1.07,19.58,3.313,19.188 ,3.247 
Lp,1200,AM,5,1.99,0.17,2.16,20.24,2.772,40.278 ,5.516 
Lp,1200,AM,3,1.69,0.11,1.8,19.15,2.212,32.364 ,3.738 
Lp,1200,AM,4,2.33,0.15,2.48,19.55,1.066,45.552 ,2.484 
Lp,1200,AM,5,1.99,0.17,2.16,19.38,1.67,38.566 ,3.323 
Lp,1600,AM,1,1.19,0.13,1.32,24.85,2.823,29.572 ,3.359 
Lp,1600,AM,2,1.08,0.1,1.19,23.07,3.003,24.916 ,3.243 
Lp,1600,AM,3,1.56,0.17,1.73,23.1,2.975,36.036 ,4.641 
Lp,1600,AM,4,1.14,0.12,1.26,24.79,2.482,28.261 ,2.829 
Lp,1600,AM,5,1.47,0.18,1.65,23.95,2.317,35.207 ,3.406 
Oc,400,AM,1,1.23,0.4,1.63,17.62,1.75,21.673 ,2.153 
Oc,400,AM,2,1.4,0.21,1.61,17.5,1.58,24.500 ,2.212 
Oc,400,AM,3,1.09,0.17,1.26,17.57,1.42,19.151 ,1.548 
Oc,400,AM,4,1.22,0.35,1.57,17.9,1.12,21.838 ,1.366 
Oc,400,AM,5,1.05,0.24,1.29,17.63,0.96,18.512 ,1.008 
Oc,800,AM,1,2.3,0.54,2.84,12.31,2.25,28.313 ,5.175 
Oc,800,AM,2,2.29,0.49,2.78,11.1,1.76,25.419 ,4.030 
Oc,800,AM,3,2.02,0.22,2.24,12.59,1.42,25.432 ,2.868 
Oc,800,AM,4,2.22,0.86,3.08,11.52,2.32,25.574 ,5.150 
Oc,800,AM,5,1.94,0.38,2.32,11.87,2.36,23.028 ,4.578 
Oc,1200,AM,1,3.05,0.33,3.38,9.57,2.12,29.189 ,6.466 
Oc,1200,AM,2,2.66,0.29,2.95,10.25,2.51,27.265 ,6.677 
Oc,1200,AM,3,2.03,0.24,2.27,10.83,2.36,21.985 ,4.791 
Oc,1200,AM,4,2.51,0.39,2.9,10.47,2.37,26.280 ,5.949 
Oc,1200,AM,5,2.1,0.08,2.18,9.43,1.99,19.803 ,4.179 
Oc,1600,AM,1,2.48,0.36,2.84,9.8,2.85,24.304 ,7.068 
Oc,1600,AM,2,3.13,0.09,3.22,9,2.96,28.170 ,9.265 
Oc,1600,AM,2,3.13,0.09,3.22,9,3.32,28.170 ,10.392 
Oc,1600,AM,4,3.66,0.14,3.8,10.3,3.74,37.698 ,13.688 
Oc,1600,AM,5,3.3,0.45,3.75,10.7,3.49,35.310 ,11.517 
Cb,400,NM,1,1.36,0.71,2.07,16.53,1.031,22.481 ,1.402 
Cb,400,NM,2,1.43,0.64,2.06,17.96,1.26,25.683 ,1.802 
Cb,400,NM,3,1.35,0.6,1.94,17.13,1.27,23.126 ,1.715 
Cb,400,NM,4,1.64,0.64,2.27,17.3,1.18,28.372 ,1.935 
Cb,400,NM,5,1.38,0.49,1.87,17.58,1.39,24.260 ,1.918 
Cb,800,NM,1,1.13,0.84,1.96,10.59,1.81,11.967 ,2.045 
Cb,800,NM,2,1.71,1.12,2.83,12.6,1.99,21.546 ,3.403 
Cb,800,NM,3,1.3,0.7,2.01,15.03,2,19.539 ,2.600 
Cb,800,NM,4,2.65,0.94,3.59,10.29,1.93,27.269 ,5.115 
Cb,800,NM,5,1.67,1.11,2.78,13.21,2.4,22.061 ,4.008 
Cb,1200,NM,1,1.97,1.45,3.42,9.81,2.09,19.326 ,4.117 
Cb,1200,NM,2,1.42,1.2,2.62,12.75,2.83,18.105 ,4.019 
Cb,1200,NM,3,1.1,1.33,2.42,16.05,3.59,17.655 ,3.949 
Cb,1200,NM,4,1.65,1.13,2.78,11.51,3.04,18.992 ,5.016 
Cb,1200,NM,5,1.11,1.16,2.27,15.07,3.28,16.728 ,3.641 
Cb,1600,NM,1,1.76,1.24,3.01,14.94,3.36,26.294 ,5.914 
Cb,1600,NM,2,1.26,0.8,2.06,14.65,3.77,18.459 ,4.750 
Cb,1600,NM,3,1.29,0.86,2.15,14.2,3.48,18.318 ,4.489 
Cb,1600,NM,4,2.03,1.18,3.21,15.4,3.27,31.262 ,6.638 
Cb,1600,NM,5,1.85,0.91,2.77,15.22,3.34,28.157 ,6.179 
Et,400,NM,1,1.3,0.25,1.56,16,1.209,20.800 ,1.572 
Et,400,NM,2,0.83,0.19,1.02,17.68,1.253,14.674 ,1.040 
Et,400,NM,3,1.16,0.18,1.34,15.82,1.302,18.351 ,1.510 
Et,400,NM,4,1.19,0.25,1.44,18.77,1.098,22.336 ,1.307 
Et,400,NM,5,1.2,0.24,1.44,20.13,1.294,24.156 ,1.553 
Et,800,NM,1,0.97,0.37,1.35,14.7,2.03,14.259 ,1.969 
Et,800,NM,2,1.35,0.33,1.68,16.08,2.081,21.708 ,2.809 
Et,800,NM,3,1.23,0.21,1.44,12.74,1.945,15.670 ,2.392 
Et,800,NM,4,1.14,0.31,1.45,13.64,2.09,15.550 ,2.383 
Et,800,NM,5,1.61,0.38,1.99,12,1.264,19.320 ,2.035 
Et,1200,NM,1,1.29,0.24,1.53,11.7,1.868,15.093 ,2.410 
Et,1200,NM,2,1.68,0.38,2.06,12.98,2.042,21.806 ,3.431 
Et,1200,NM,3,1.82,0.39,2.21,15.64,1.8,28.465 ,3.276 
Et,1200,NM,4,1.52,0.44,1.95,13.58,2.032,20.642 ,3.089 
Et,1200,NM,5,1.71,0.44,2.15,13.99,2.418,23.923 ,4.135 
Et,1600,NM,1,1.5,0.45,1.95,14.32,1.998,21.480 ,2.997 
Et,1600,NM,2,1.43,0.22,1.65,14.01,2.418,20.034 ,3.458 
Et,1600,NM,3,1.43,0.29,1.71,13.82,2.607,19.763 ,3.728 
Et,1600,NM,4,1.44,0.34,1.78,13.81,2.577,19.886 ,3.711 
Et,1600,NM,5,1.38,0.36,1.73,19.11,2.709,26.372 ,3.738 
Lp,400,NM,1,0.88,0.08,0.96,20.92,1.023,18.410 ,0.900 
Lp,400,NM,2,0.61,0.06,0.66,23.35,1.088,14.244 ,0.664 
Lp,400,NM,3,0.73,0.07,0.8,20.51,1.413,14.972 ,1.031 
Lp,400,NM,4,0.97,0.11,1.08,22.44,1.174,21.767 ,1.139 
Lp,400,NM,5,0.3,0.02,0.32,21.81,1.353,6.543 ,0.406 
Lp,800,NM,1,0.61,0.09,0.7,24.37,3,14.866 ,1.830 
Lp,800,NM,2,1,0.11,1.11,21.84,2.538,21.840 ,2.538 
Lp,800,NM,3,0.47,0.05,0.52,21.03,2.046,9.884 ,0.962 
Lp,800,NM,4,1.48,0.13,1.61,22.82,1.176,33.774 ,1.740 
Lp,800,NM,5,1.64,0.25,1.89,25.48,1.031,41.787 ,1.691 
Lp,1200,NM,1,0.4,0.05,0.46,19.51,2.813,7.804 ,1.125 
Lp,1200,NM,2,0.31,0.05,0.36,17.61,2.368,5.459 ,0.734 
Lp,1200,NM,3,1.21,0.12,1.33,21.09,3.098,25.519 ,3.749 
Lp,1200,NM,4,0.75,0.08,0.83,20.84,2.593,15.630 ,1.945 
Lp,1200,NM,5,1.63,0.14,1.76,21.34,2.156,34.784 ,3.514 
Lp,1600,NM,1,0.75,0.08,0.83,20.65,2.472,15.488 ,1.854 
Lp,1600,NM,2,0.46,0.06,0.52,20.55,2.015,9.453 ,0.927 
Lp,1600,NM,3,1.08,0.13,1.21,20.34,2.776,21.967 ,2.998 
Lp,1600,NM,4,0.85,0.08,0.93,20.14,2.488,17.119 ,2.115 
Lp,1600,NM,5,1.04,0.1,1.14,21.05,2.919,21.892 ,3.036 
Oc,400,NM,1,1.48,0.3,1.78,22,1.301,32.560 ,1.925 
Oc,400,NM,2,1.32,0.25,1.57,17.7,1.302,23.364 ,1.719 
Oc,400,NM,3,1.16,0.27,1.43,19.78,1.068,22.945 ,1.239 
Oc,400,NM,4,1.4,0.52,1.92,19.97,1.182,27.958 ,1.655 
Oc,400,NM,5,1.5,0.65,2.15,19.46,1.056,29.190 ,1.584 
Oc,800,NM,1,1.42,0.38,1.8,15.75,1.46,22.365 ,2.073 
Oc,800,NM,2,2.11,0.59,2.7,16.66,1.01,35.153 ,2.131 
Oc,800,NM,3,1.01,0.34,1.35,15.11,1.28,15.261 ,1.293 
Oc,800,NM,4,1.55,0.69,2.24,15.52,1.545,24.056 ,2.395 
Oc,800,NM,5,1,0.43,1.43,14.7,1.255,14.700 ,1.255 
Oc,1200,NM,1,2.01,0.8,2.81,14.55,1.398,29.246 ,2.810 
Oc,1200,NM,2,1.9,0.5,2.4,14.06,1.496,26.714 ,2.842 
Oc,1200,NM,3,1.95,0.62,2.57,13.66,1.379,26.637 ,2.689 
Oc,1200,NM,4,1.95,0.45,2.4,14.87,1.552,28.997 ,3.026 
Oc,1200,NM,5,1.68,0.36,2.04,12.52,1.283,21.034 ,2.155 
Oc,1600,NM,1,2.09,0.56,2.65,14.06,1.221,29.385 ,2.552 
Oc,1600,NM,2,1.9,0.36,2.26,14.07,1.905,26.733 ,3.620 
Oc,1600,NM,3,1.49,0.35,1.84,14.14,0.918,21.069 ,1.368 
Oc,1600,NM,4,1.73,0.25,1.98,12.74,1.75,22.040 ,3.028 
Oc,1600,NM,5,1.81,0.34,2.15,14.96,2.324,27.078 ,4.206 
