species,precipitation,replicate,MNR,MTNR,MPR,MTPR,shoot_MGR,root_MGR,total_MGR
Cb,400,1,0.174,-0.062,0.533,0.226,-0.201,1.168,0.21
Cb,400,2,0.077,0.238,0.476,0.699,0.15,0.614,0.289
Cb,400,3,0.458,0.843,0.704,1.158,0.265,0.891,0.453
Cb,400,4,0.415,-0.01,0.566,0.097,-0.3,1.347,0.194
Cb,400,5,0.49,0.131,0.647,0.252,-0.241,1.51,0.285
Cb,800,1,0.372,0.779,0.155,0.466,0.272,0.527,0.363
Cb,800,2,0.314,0.777,0.264,0.672,0.326,0.103,0.246
Cb,800,3,0.152,-0.078,0.027,-0.196,-0.215,-0.427,-0.291
Cb,800,4,0.141,0.67,0.185,0.698,0.436,0.103,0.317
Cb,800,5,0.452,0.189,0.688,0.353,-0.197,-0.003,-0.127
Cb,1200,1,0.196,0.199,0.396,0.393,-0.037,0.43,0.179
Cb,1200,2,0.193,0.102,0.359,0.251,-0.112,0.174,0.02
Cb,1200,3,0.326,0.074,0.413,0.14,-0.222,-0.361,-0.286
Cb,1200,4,0.238,-0.507,0.372,-0.456,-0.618,-0.513,-0.569
Cb,1200,5,0.238,-0.162,0.403,-0.054,-0.35,-0.297,-0.325
Cb,1600,1,0.173,-0.486,-0.036,-0.572,-0.56,-0.109,-0.389
Cb,1600,2,0.347,-0.336,0.048,-0.476,-0.504,-0.209,-0.393
Cb,1600,3,0.102,-0.127,-0.045,-0.233,-0.203,0.361,0.01
Cb,1600,4,0.247,-0.252,-0.207,-0.518,-0.397,-0.409,-0.402
Cb,1600,5,-0.005,0.096,0.069,0.193,0.107,0.011,0.071
Et,400,1,0.214,0.098,0.152,0.043,-0.096,0.562,0.011
Et,400,2,0.146,0.223,0.27,0.357,0.066,0.379,0.117
Et,400,3,0.285,0.266,0.423,0.403,-0.016,0.134,0.009
Et,400,4,0.221,0.246,0.224,0.25,0.02,0.801,0.147
Et,400,5,0.211,0.047,0.405,0.217,-0.136,-0.076,-0.126
Et,800,1,0.251,0.87,0.017,0.545,0.485,0.606,0.509
Et,800,2,0.332,0.77,0.185,0.6,0.32,-0.115,0.231
Et,800,3,0.382,1.28,0.295,1.17,0.638,0.018,0.512
Et,800,4,0.23,1.58,0.23,1.621,1.083,0.353,0.934
Et,800,5,0.463,1.879,0.198,1.395,0.954,0.033,0.767
Et,1200,1,0.485,0.149,1.498,0.945,-0.219,-0.478,-0.268
Et,1200,2,0.22,0.701,1.125,1.983,0.408,-0.047,0.321
Et,1200,3,1.054,1.937,1.843,3.093,0.444,-0.091,0.342
Et,1200,4,0.38,0.458,1.214,1.355,0.067,-0.432,-0.028
Et,1200,5,0.535,0.912,1.42,2.035,0.258,-0.119,0.186
Et,1600,1,0.26,0.133,0.583,0.423,-0.104,-0.434,-0.165
Et,1600,2,-0.092,-0.175,0.694,0.539,-0.094,-0.496,-0.169
Et,1600,3,0.21,0.121,0.583,0.466,-0.076,-0.444,-0.145
Et,1600,4,0.339,0.424,0.661,0.765,0.06,-0.268,-0.001
Et,1600,5,0.559,0.321,0.952,0.654,-0.155,-0.61,-0.24
Lp,400,1,0.111,0.178,0.377,0.486,0.058,-0.21,0.034
Lp,400,2,0.267,0.386,0.166,0.299,0.092,-0.211,0.065
Lp,400,3,0.189,0.356,0.436,0.668,0.138,0.674,0.186
Lp,400,4,0.03,0.052,0.233,0.283,0.02,0.252,0.04
Lp,400,5,0.04,0.741,0.184,1.019,0.671,0.839,0.685
Lp,800,1,0.021,0.409,-0.356,0.05,0.402,0.449,0.407
Lp,800,2,-0.02,0.349,-0.464,-0.129,0.399,0.297,0.388
Lp,800,3,0.001,0.475,-0.524,-0.171,0.498,0.657,0.515
Lp,800,4,0.009,0.376,-0.359,0.033,0.387,0.625,0.412
Lp,800,5,0.003,0.63,-0.552,-0.141,0.652,0.816,0.669
Lp,1200,1,-0.025,0.071,0.271,0.461,0.135,0.082,0.13
Lp,1200,2,0.008,0.799,0.064,0.986,0.844,0.527,0.814
Lp,1200,3,-0.046,0.818,-0.151,0.692,0.969,0.241,0.901
Lp,1200,4,-0.026,1.557,-0.591,0.123,1.712,0.694,1.618
Lp,1200,5,-0.035,1.165,-0.359,0.503,1.317,0.932,1.281
Lp,1600,1,0.209,0.715,0.114,0.532,0.419,0.464,0.423
Lp,1600,2,0.123,0.453,0.185,0.487,0.295,0.12,0.277
Lp,1600,3,0.124,1.089,0.174,1.115,0.859,0.898,0.862
Lp,1600,4,0.207,0.641,-0.021,0.292,0.361,0.336,0.358
Lp,1600,5,0.166,1.041,-0.086,0.552,0.752,0.979,0.774
Oc,400,1,-0.109,-0.203,0.481,0.326,-0.103,0.005,-0.079
Oc,400,2,-0.115,-0.096,0.337,0.366,0.024,-0.472,-0.088
Oc,400,3,-0.112,-0.294,0.202,-0.044,-0.203,-0.573,-0.286
Oc,400,4,-0.095,-0.198,-0.052,-0.159,-0.111,-0.121,-0.113
Oc,400,5,-0.109,-0.32,-0.188,-0.38,-0.235,-0.397,-0.272
Oc,800,1,-0.208,0.269,0.718,1.829,0.622,0.111,0.491
Oc,800,2,-0.286,0.142,0.344,1.208,0.618,0.008,0.463
Oc,800,3,-0.19,0.14,0.084,0.568,0.425,-0.547,0.176
Oc,800,4,-0.259,0.148,0.771,1.819,0.568,0.77,0.619
Oc,800,5,-0.237,0.033,0.802,1.504,0.369,-0.218,0.219
Oc,1200,1,-0.313,0.103,0.491,1.395,0.61,-0.396,0.385
Oc,1200,2,-0.264,0.028,0.766,1.469,0.402,-0.469,0.207
Oc,1200,3,-0.223,-0.171,0.66,0.772,0.07,-0.56,-0.071
Oc,1200,4,-0.248,-0.008,0.667,1.203,0.325,-0.286,0.188
Oc,1200,5,-0.323,-0.252,0.4,0.549,0.109,-0.853,-0.106
Oc,1600,1,-0.3,-0.037,0.755,1.393,0.376,-0.032,0.306
Oc,1600,2,-0.357,0.117,0.823,2.139,0.737,-0.758,0.482
Oc,1600,3,-0.357,-0.163,1.045,1.637,0.302,-0.597,0.148
Oc,1600,4,-0.264,0.491,1.304,3.628,1.028,-0.624,0.745
Oc,1600,5,-0.235,0.399,1.15,2.899,0.831,0.21,0.725
