species,precipitation,shoot_13C(mg/m^3),root_13C(mg/m^3),soil_13C(mg/m^3),Bg_13C(mg/m^3)
Cb,400,25464.49 ,4553.63 ,4927.21 ,9480.84 
Cb,400,37153.21 ,4786.31 ,9857.83 ,14644.13 
Cb,400,51889.02 ,4482.70 ,10077.52 ,14560.22 
Cb,400,18595.21 ,11095.66 ,3893.15 ,14988.81 
Cb,400,28480.60 ,4127.91 ,9157.56 ,13285.47 
Cb,800,49760.22 ,15040.73 ,6916.39 ,21957.12 
Cb,800,47741.39 ,7388.92 ,5717.70 ,13106.61 
Cb,800,15390.02 ,6676.63 ,2874.82 ,9551.45 
Cb,800,48486.47 ,5216.14 ,4273.72 ,9489.86 
Cb,800,25149.98 ,6694.00 ,3541.99 ,10235.98 
Cb,1200,39465.69 ,14835.45 ,4396.39 ,19231.84 
Cb,1200,33902.29 ,19829.66 ,5028.93 ,24858.59 
Cb,1200,32176.83 ,9633.85 ,4304.62 ,13938.47 
Cb,1200,18921.73 ,4972.62 ,1778.87 ,6751.48 
Cb,1200,30054.42 ,7540.57 ,3487.31 ,11027.88 
Cb,1600,22423.99 ,9902.37 ,2780.75 ,12683.12 
Cb,1600,20904.03 ,10877.14 ,3060.74 ,13937.89 
Cb,1600,33753.86 ,10734.58 ,3416.09 ,14150.67 
Cb,1600,19608.18 ,7104.53 ,808.19 ,7912.72 
Cb,1600,39556.09 ,14361.03 ,4627.40 ,18988.43 
Et,400,19857.63 ,3536.06 ,11369.95 ,14906.00 
Et,400,18451.86 ,8518.16 ,11601.44 ,20119.60 
Et,400,13111.50 ,3471.64 ,4908.98 ,8380.62 
Et,400,23026.54 ,6677.28 ,15330.82 ,22008.10 
Et,400,21706.27 ,4889.95 ,11222.12 ,16112.07 
Et,800,42897.97 ,6969.56 ,8718.35 ,15687.91 
Et,800,26634.53 ,3528.05 ,6877.85 ,10405.90 
Et,800,39176.68 ,5567.70 ,8255.87 ,13823.57 
Et,800,35559.10 ,4913.02 ,2578.51 ,7491.53 
Et,800,22733.70 ,3806.06 ,5820.70 ,9626.77 
Et,1200,22412.45 ,2123.01 ,2198.35 ,4321.36 
Et,1200,33685.83 ,5129.82 ,2939.07 ,8068.89 
Et,1200,17123.18 ,4372.84 ,1888.16 ,6261.00 
Et,1200,20789.04 ,3280.57 ,1976.10 ,5256.67 
Et,1200,26298.96 ,4681.87 ,3900.30 ,8582.17 
Et,1600,24745.52 ,5663.45 ,1539.94 ,7203.39 
Et,1600,32588.85 ,6007.41 ,1639.94 ,7647.34 
Et,1600,26186.42 ,3730.80 ,1125.59 ,4856.39 
Et,1600,27592.25 ,4646.59 ,812.78 ,5459.36 
Et,1600,30730.26 ,4416.04 ,1446.62 ,5862.66 
Lc,400,43577.85 ,4876.24 ,10306.08 ,15182.32 
Lc,400,30628.38 ,4725.05 ,7069.51 ,11794.56 
Lc,400,58423.72 ,6483.70 ,7070.76 ,13554.46 
Lc,400,50058.06 ,12497.21 ,14906.25 ,27403.46 
Lc,400,31851.12 ,2388.41 ,5084.84 ,7473.25 
Lc,800,47331.15 ,2233.24 ,4180.66 ,6413.89 
Lc,800,42809.73 ,1958.72 ,3348.76 ,5307.48 
Lc,800,49985.45 ,1658.66 ,5577.74 ,7236.41 
Lc,800,39155.11 ,2369.44 ,3248.86 ,5618.30 
Lc,800,51667.00 ,3333.70 ,4510.92 ,7844.62 
Lc,1200,30209.83 ,1507.50 ,2074.32 ,3581.82 
Lc,1200,44446.94 ,1785.87 ,1660.16 ,3446.03 
Lc,1200,46670.99 ,1843.55 ,4314.07 ,6157.61 
Lc,1200,65461.08 ,2376.14 ,2188.60 ,4564.75 
Lc,1200,44562.74 ,2556.15 ,2600.32 ,5156.47 
Lc,1600,36631.67 ,1082.99 ,4078.61 ,5161.60 
Lc,1600,29373.90 ,1417.29 ,2341.28 ,3758.56 
Lc,1600,47972.26 ,1985.53 ,3939.96 ,5925.49 
Lc,1600,39384.29 ,912.15 ,3300.25 ,4212.40 
Lc,1600,40926.52 ,3127.39 ,2303.67 ,5431.06 
Oc,400,24471.23 ,860.63 ,11415.83 ,12276.46 
Oc,400,23330.64 ,1213.65 ,12562.23 ,13775.88 
Oc,400,23500.91 ,1274.15 ,10276.25 ,11550.40 
Oc,400,19480.29 ,826.81 ,8431.08 ,9257.89 
Oc,400,31340.04 ,1304.89 ,14583.23 ,15888.12 
Oc,800,64078.15 ,4157.43 ,8557.11 ,12714.55 
Oc,800,90950.14 ,6091.42 ,11388.00 ,17479.42 
Oc,800,73309.05 ,5583.07 ,5384.21 ,10967.28 
Oc,800,52962.36 ,5273.12 ,7922.63 ,13195.74 
Oc,800,74509.54 ,3743.28 ,8606.21 ,12349.48 
Oc,1200,125487.59 ,11759.39 ,14440.50 ,26199.89 
Oc,1200,63445.33 ,3991.68 ,6019.47 ,10011.15 
Oc,1200,111992.71 ,5887.04 ,13651.63 ,19538.67 
Oc,1200,116659.96 ,7755.23 ,12185.34 ,19940.57 
Oc,1200,97344.63 ,7237.46 ,10075.39 ,17312.85 
Oc,1600,137002.12 ,12930.06 ,8039.68 ,20969.73 
Oc,1600,98926.22 ,11514.60 ,3164.46 ,14679.06 
Oc,1600,82682.18 ,7185.66 ,2492.97 ,9678.63 
Oc,1600,63489.68 ,3486.50 ,3661.39 ,7147.89 
Oc,1600,64878.52 ,2611.78 ,6900.78 ,9512.56 
