species,replicate,LDMC,SLA,LCC,LNC,RD,SRL,RTD,SRA,RCC,RNC
Oc,1,157.42,27.81,4.16,0.35,0.24,553.52,0.031,3623.6,4.244,0.198
Oc,2,178.7,28.71,4.162,0.319,0.21,673.44,0.032,3940.21,4.277,0.206
Oc,3,164.2,27.09,4.153,0.36,0.19,822.08,0.031,4314.62,4.304,0.199
Oc,4,135.65,26.36,4.124,0.481,0.21,817.23,0.027,4483.36,4.27,0.207
Oc,5,153.24,24.93,4.123,0.366,0.18,728.58,0.041,3624.95,4.209,0.213
Cb,1,126.87,21.24,4.282,0.544,0.22,522.88,0.034,3034.749862,4.243,0.165
Cb,2,133.15,21.98,4.336,0.543,0.23,481.23,0.032,2997.992395,4.271,0.154
Cb,3,141.78,23.11,4.349,0.518,0.23,464.53,0.033,2950.500364,4.25,0.156
Cb,4,152.11,26.17,4.37,0.505,0.23,486.22,0.032,3038.975131,4.289,0.17
Cb,5,132.2,23.02,4.312,0.562,0.21,507.16,0.037,2930.4137,4.201,0.173
Lp,1,175.6,16.82,4.274,0.245,0.19,394.52,0.065,2074.879,4.461,0.107
Lp,2,150.55,14.63,4.307,0.266,0.16,441.47,0.076,2043.14,4.49,0.106
Lp,3,158.88,13.69,4.274,0.278,0.16,385.53,0.085,1855.509,4.526,0.115
Lp,4,172.93,16.6,4.378,0.369,0.18,388.98,0.07,1999.021,4.406,0.117
Lp,5,174.6,13,4.321,0.376,0.14,677.39,0.041,3554.874,4.443,0.154
Et,1,243.78,17.51,4.535,0.267,0.14,639.56,0.072,2542.850395,4.638,0.071
Et,2,217.42,15.37,4.495,0.316,0.1,775.31,0.084,2571.456101,4.581,0.08
Et,3,229.98,15.64,4.491,0.276,0.12,630.82,0.085,2336.867683,4.576,0.066
Et,4,219.14,16.11,4.47,0.382,0.14,870.77,0.051,3447.047056,4.541,0.098
Et,5,217.65,16.21,4.473,0.35,0.13,602.02,0.077,2388.566826,4.563,0.091
